{
    "loss": 1.807534098625183,
    "accuracy": 0.8017241358757019
}