{
    "loss": 0.6935229897499084,
    "accuracy": 0.9051724076271057
}