{
    "loss": 0.4531465768814087,
    "accuracy": 0.9482758641242981
}